Symbol(CUSIP),Security Description,Quantity,Date Acquired,Date Sold,Proceeds,Cost Basis,Short Term Gain/Loss,Long Term Gain/Loss
AAL(02376R102),AMERICAN AIRLINES GROUP INC COM USD0.01,1.00,05/22/2020,10/27/2020,$11.43 ,$10.02 ,$1.41 ,-
AAL(02376R102),AMERICAN AIRLINES GROUP INC COM USD0.01,5.00,05/26/2020,10/27/2020,$57.14 ,$53.75 ,$3.39 ,-
AAPL(037833100),APPLE INC COM USD0.00001,0.40,06/12/20,11/04/20,$46.10 ,$34.34 ,$11.76 ,-
AAPL(037833100),APPLE INC COM USD0.00001,1.00,09/23/2020,11/04/20,$115.24 ,$107.63 ,$7.61 ,-
AAPL(037833100),APPLE INC COM USD0.00001,0.09,09/24/2020,11/04/20,$10.60 ,$9.96 ,$0.64 ,-
AAPL(037833100),APPLE INC COM USD0.00001,0.83,10/26/2020,11/04/20,$95.53 ,$94.90 ,$0.63 ,-
AAPL(037833100),APPLE INC COM USD0.00001,0.68,10/28/2020,11/04/20,$78.25 ,$76.57 ,$1.68 ,-
AAPL(037833100),APPLE INC COM USD0.00001,0.21,10/28/2020,11/04/20,$23.84 ,$23.34 ,$0.50 ,-
AFLYY(009119108),AIR FRANCE-KLM ADR,28.00,09/24/2020,10/28/2020,$94.35 ,$100.26 ,($5.91),-
ALGN(016255101),ALIGN TECHNOLOGY INCCOM USD0.0001,0.63,10/01/20,11/04/20,$305.39 ,$199.89 ,$105.50 ,-
ALGN(016255101),ALIGN TECHNOLOGY INCCOM USD0.0001,0.22,10/26/2020,11/04/20,$106.79 ,$99.91 ,$6.88 ,-
ALV(052800109),AUTOLIV INC COM USD1.00,1.00,11/03/20,11/04/20,$77.89 ,$77.37 ,$0.52 ,-
ALV(052800109),AUTOLIV INC COM USD1.00,0.94,11/03/20,11/04/20,$72.95 ,$72.57 ,$0.38 ,-
AMAT(038222105),APPLIED MATERIALS INC COM USD0.01,2.00,09/23/2020,11/04/20,$128.66 ,$116.66 ,$12.00 ,-
AMC(00165C104),AMC ENTERTAINMENT HOLDINGS INC,21.00,09/28/2020,10/05/20,$89.66 ,$101.13 ,($11.47),-
AMD(007903107),ADVANCED MICRO DEVICES INC,1.00,09/23/2020,11/04/20,$81.14 ,$77.42 ,$3.72 ,-
AMD(007903107),ADVANCED MICRO DEVICES INC,2.00,10/27/2020,11/04/20,$162.28 ,$157.18 ,$5.10 ,-
AMD(007903107),ADVANCED MICRO DEVICES INC,1.00,10/30/2020,11/04/20,$81.13 ,$75.00 ,$6.13 ,-
AMD(007903107),ADVANCED MICRO DEVICES INC,0.33,10/30/2020,11/04/20,$27.01 ,$24.98 ,$2.03 ,-
AMZN(023135106),AMAZON.COM INC,0.09,10/28/2020,11/04/20,$303.60 ,$299.32 ,$4.28 ,-
AMZN(023135106),AMAZON.COM INC,0.03,10/30/2020,11/04/20,$103.35 ,$98.06 ,$5.29 ,-
AMZN(023135106),AMAZON.COM INC,0.05,11/03/20,11/04/20,$161.50 ,$149.23 ,$12.27 ,-
AN(05329W102),AUTONATION INC COM USD0.01,2.00,10/27/2020,11/04/20,$118.35 ,$116.28 ,$2.07 ,-
AN(05329W102),AUTONATION INC COM USD0.01,0.15,10/27/2020,11/04/20,$8.81 ,$8.67 ,$0.14 ,-
APA(037411105),APACHE CORP COM USD0.625,10.00,10/01/20,11/02/20,$88.90 ,$91.76 ,($2.86),-
,,,,Wash Sale,$0.00 ,($0.25),$0.25 ,-
APA(037411105),APACHE CORP COM USD0.625,0.90,10/01/20,11/02/20,$7.97 ,$8.23 ,($0.26),-
APA(037411105),APACHE CORP COM USD0.625,6.00,10/26/2020,11/02/20,$53.34 ,$51.06 ,$2.28 ,-
APA(037411105),APACHE CORP COM USD0.625,25.00,10/29/2020,11/02/20,$222.26 ,$192.38 ,$29.88 ,-
APA(037411105),APACHE CORP COM USD0.625,0.10,10/29/2020,11/02/20,$0.93 ,$0.79 ,$0.14 ,-
APA(037411105),APACHE CORP COM USD0.625,0.89,10/01/20,11/02/20,$7.88 ,$7.08 ,$0.80 ,-
ASML(N07059210),ASML HOLDING NV EUR0.09 NY REGISTRY SHS 2012,0.28,09/25/2020,10/27/2020,$101.96 ,$99.91 ,$2.05 ,-
ATVI(00507V109),ACTIVISION BLIZZARD INC COM USD0.000001,1.00,10/09/20,10/27/2020,$81.33 ,$78.14 ,$3.19 ,-
ATVI(00507V109),ACTIVISION BLIZZARD INC COM USD0.000001,0.79,10/09/20,10/27/2020,$64.12 ,$61.80 ,$2.32 ,-
AYX(02156B103),ALTERYX INC COM CL A,0.28,08/04/20,11/04/20,$38.70 ,$49.89 ,($11.19),-
BA(097023105),BOEING CO COM USD5.00,0.80,10/27/2020,11/04/20,$122.69 ,$124.89 ,($2.20),-
BABA(01609W102),ALIBABA GROUP HOLDING LTD SPON ADSEACH REP 8 ORD SHS,1.00,11/03/20,11/04/20,$298.61 ,$285.70 ,$12.91 ,-
BAC(060505104),BK OF AMERICA CORP COM,1.00,08/05/20,11/04/20,$23.99 ,$25.44 ,($1.45),-
BLNK(09354A100),BLINK CHARGING CO COM,41.00,11/13/2020,11/16/2020,$447.71 ,$397.63 ,$50.08 ,-
BLNK(09354A100),BLINK CHARGING CO COM,0.24,11/13/2020,11/16/2020,$2.64 ,$2.36 ,$0.28 ,-
BLNK(09354A100),BLINK CHARGING CO COM,26.00,10/28/2020,11/04/20,$222.63 ,$194.74 ,$27.89 ,-
BLNK(09354A100),BLINK CHARGING CO COM,0.70,10/28/2020,11/04/20,$5.99 ,$5.26 ,$0.73 ,-
CARR(14448C104),CARRIER GLOBAL CORPORATION COM,1.00,07/30/2020,10/27/2020,$33.30 ,$25.80 ,$7.50 ,-
CARS(14575E105),CARS COM INC COM,13.00,09/25/2020,10/01/20,$112.96 ,$95.80 ,$17.16 ,-
CARS(14575E105),CARS COM INC COM,0.57,09/25/2020,10/01/20,$4.94 ,$4.20 ,$0.74 ,-
COST(22160K105),COSTCO WHOLESALE CORP COM USD0.01,1.00,09/28/2020,10/28/2020,$370.26 ,$345.67 ,$24.59 ,-
COST(22160K105),COSTCO WHOLESALE CORP COM USD0.01,2.00,09/28/2020,10/26/2020,$739.07 ,$691.35 ,$47.72 ,-
COST(22160K105),COSTCO WHOLESALE CORP COM USD0.01,2.00,09/28/2020,10/21/2020,$757.02 ,$691.35 ,$65.67 ,-
COST(22160K105),COSTCO WHOLESALE CORP COM USD0.01,1.00,09/28/2020,10/21/2020,$378.73 ,$345.67 ,$33.06 ,-
COST(22160K105),COSTCO WHOLESALE CORP COM USD0.01,1.00,09/28/2020,10/21/2020,$378.74 ,$345.68 ,$33.06 ,-
COST(22160K105),COSTCO WHOLESALE CORP COM USD0.01,1.00,09/28/2020,10/20/2020,$376.97 ,$345.68 ,$31.29 ,-
COST(22160K105),COSTCO WHOLESALE CORP COM USD0.01,1.00,09/28/2020,10/12/20,$378.98 ,$345.67 ,$33.31 ,-
COST(22160K105),COSTCO WHOLESALE CORP COM USD0.01,1.00,09/28/2020,10/01/20,$358.17 ,$345.68 ,$12.49 ,-
COST(22160K105),COSTCO WHOLESALE CORP COM USD0.01,1.00,09/28/2020,09/30/2020,$354.47 ,$345.68 ,$8.79 ,-
CPE(13123X508),CALLON PETE CO DEL COM,31.00,10/01/20,11/02/20,$168.79 ,$148.76 ,$20.03 ,-
CPE(13123X508),CALLON PETE CO DEL COM,0.26,10/01/20,11/02/20,$1.39 ,$1.24 ,$0.15 ,-
CPE(13123X508),CALLON PETE CO DEL COM,20.00,09/24/2020,10/01/20,$103.03 ,$100.10 ,$2.93 ,-
CPE(13123X508),CALLON PETE CO DEL COM,10.00,09/29/2020,10/01/20,$51.52 ,$49.48 ,$2.04 ,-
CTXS(177376100),CITRIX SYS INC COM,0.13,07/23/2020,11/04/20,$15.15 ,$19.99 ,($4.84),-
CTXS(177376100),CITRIX SYS INC COM,0.58,09/29/2020,11/04/20,$68.17 ,$79.89 ,($11.72),-
CVNA(146869102),CARVANA CO CL A,0.47,10/20/2020,11/04/20,$92.19 ,$95.94 ,($3.75),-
,,,,Wash Sale,$0.00 ,($0.15),$0.15 ,-
CVNA(146869102),CARVANA CO CL A,1.00,10/29/2020,11/04/20,$197.83 ,$191.86 ,$5.97 ,-
CVNA(146869102),CARVANA CO CL A,0.53,10/30/2020,11/04/20,$105.63 ,$96.41 ,$9.22 ,-
CVNA(146869102),CARVANA CO CL A,0.02,10/20/2020,11/04/20,$3.75 ,$3.58 ,$0.17 ,-
DAL(247361702),DELTA AIR LINES INC,3.00,05/22/2020,11/04/20,$93.42 ,$69.84 ,$23.58 ,-
DAL(247361702),DELTA AIR LINES INC,6.00,10/05/20,11/04/20,$186.83 ,$190.56 ,($3.73),-
DAL(247361702),DELTA AIR LINES INC,2.00,10/26/2020,11/04/20,$62.28 ,$63.34 ,($1.06),-
DISCA(25470F104),DISCOVERY INC COM SER A,1.00,06/15/2020,11/04/20,$20.69 ,$22.48 ,($1.79),-
,,,,Wash Sale,$0.00 ,($1.27),$1.27 ,-
DISCA(25470F104),DISCOVERY INC COM SER A,4.00,09/23/2020,11/04/20,$82.76 ,$84.96 ,($2.20),-
DISCA(25470F104),DISCOVERY INC COM SER A,5.00,10/20/2020,11/04/20,$103.45 ,$101.18 ,$2.27 ,-
DISCA(25470F104),DISCOVERY INC COM SER A,3.00,10/27/2020,11/04/20,$62.06 ,$60.68 ,$1.38 ,-
DISCA(25470F104),DISCOVERY INC COM SER A,0.71,06/15/2020,11/04/20,$14.63 ,$15.59 ,($0.96),-
DVN(25179M103),DEVON ENERGY CORP NEW,11.00,09/23/2020,11/02/20,$95.74 ,$97.19 ,($1.45),-
,,,,Wash Sale,$0.00 ,($1.45),$1.45 ,-
DVN(25179M103),DEVON ENERGY CORP NEW,10.00,09/29/2020,11/02/20,$87.04 ,$91.56 ,($4.52),-
,,,,Wash Sale,$0.00 ,($4.52),$4.52 ,-
DVN(25179M103),DEVON ENERGY CORP NEW,0.92,09/29/2020,11/02/20,$8.02 ,$8.44 ,($0.42),-
,,,,Wash Sale,$0.00 ,($0.42),$0.42 ,-
DVN(25179M103),DEVON ENERGY CORP NEW,5.00,10/01/20,11/02/20,$43.52 ,$45.18 ,($1.66),-
,,,,Wash Sale,$0.00 ,($1.66),$1.66 ,-
DVN(25179M103),DEVON ENERGY CORP NEW,5.00,10/01/20,11/02/20,$43.52 ,$45.18 ,($1.66),-
,,,,Wash Sale,$0.00 ,($1.66),$1.66 ,-
DVN(25179M103),DEVON ENERGY CORP NEW,1.08,10/16/2020,11/02/20,$9.38 ,$9.73 ,($0.35),-
,,,,Wash Sale,$0.00 ,($0.35),$0.35 ,-
DVN(25179M103),DEVON ENERGY CORP NEW,8.92,09/23/2020,11/02/20,$84.40 ,$81.70 ,$2.70 ,-
DVN(25179M103),DEVON ENERGY CORP NEW,24.08,10/16/2020,11/02/20,$227.78 ,$198.61 ,$29.17 ,-
DVN(25179M103),DEVON ENERGY CORP NEW,0.92,10/29/2020,11/02/20,$8.72 ,$7.27 ,$1.45 ,-
DVN(25179M103),DEVON ENERGY CORP NEW,0.08,10/29/2020,11/02/20,$0.73 ,$0.61 ,$0.12 ,-
DVN(25179M103),DEVON ENERGY CORP NEW,0.30,10/29/2020,11/02/20,$2.84 ,$2.38 ,$0.46 ,-
ENPH(29355A107),ENPHASE ENERGY INC COM USD0.00001,1.00,10/21/2020,11/04/20,$104.44 ,$105.58 ,($1.14),-
,,,,Wash Sale,$0.00 ,($0.74),$0.74 ,-
ENPH(29355A107),ENPHASE ENERGY INC COM USD0.00001,0.89,10/21/2020,11/04/20,$93.36 ,$94.41 ,($1.05),-
ENPH(29355A107),ENPHASE ENERGY INC COM USD0.00001,2.00,10/22/2020,11/04/20,$208.87 ,$190.37 ,$18.50 ,-
ENPH(29355A107),ENPHASE ENERGY INC COM USD0.00001,0.11,10/27/2020,11/04/20,$11.07 ,$10.58 ,$0.49 ,-
ENPH(29355A107),ENPHASE ENERGY INC COM USD0.00001,0.65,10/21/2020,11/04/20,$67.34 ,$65.10 ,$2.24 ,-
FB(30303M102),FACEBOOK INC-CLASS A,0.93,10/28/2020,11/04/20,$266.41 ,$249.91 ,$16.50 ,-
FB(30303M102),FACEBOOK INC-CLASS A,0.07,10/30/2020,11/04/20,$20.98 ,$19.10 ,$1.88 ,-
FB(30303M102),FACEBOOK INC-CLASS A,0.31,10/30/2020,11/04/20,$88.79 ,$80.85 ,$7.94 ,-
FTNT(34959E109),FORTINET INC COM USD0.001,1.00,11/03/20,11/04/20,$115.77 ,$111.35 ,$4.42 ,-
GDDY(380237107),GODADDY INC CL A,0.69,08/04/20,11/04/20,$54.88 ,$49.99 ,$4.89 ,-
GFL(36168Q104),GFL ENVIRONMENTAL INC. COM NPV SUB VTGSHS ISIN #CA36168Q1046 SEDOL #BKDT649,0.11,10/27/2020,11/04/20,$2.25 ,$2.23 ,$0.02 ,-
GFL(36168Q104),GFL ENVIRONMENTAL INC. COM NPV SUB VTGSHS ISIN #CA36168Q1046 SEDOL #BKDT649,6.00,10/27/2020,11/04/20,$123.69 ,$122.76 ,$0.93 ,-
GFL(36168Q104),GFL ENVIRONMENTAL INC. COM NPV SUB VTGSHS ISIN #CA36168Q1046 SEDOL #BKDT649,5.89,10/28/2020,11/04/20,$121.43 ,$116.29 ,$5.14 ,-
GFL(36168Q104),GFL ENVIRONMENTAL INC. COM NPV SUB VTGSHS ISIN #CA36168Q1046 SEDOL #BKDT649,0.11,10/28/2020,11/04/20,$2.24 ,$2.15 ,$0.09 ,-
GM(37045V100),GENERAL MTRS CO COM,1.00,06/12/20,11/04/20,$35.55 ,$28.29 ,$7.26 ,-
GNTX(371901109),GENTEX CORP,5.00,11/03/20,11/04/20,$147.95 ,$143.58 ,$4.37 ,-
GNTX(371901109),GENTEX CORP,0.22,11/03/20,11/04/20,$6.59 ,$6.41 ,$0.18 ,-
GOOG(02079K107),ALPHABET INC CAP STKCL C,0.20,10/28/2020,11/04/20,$346.33 ,$299.62 ,$46.71 ,-
GS(38141G104),GOLDMAN SACHS GROUP INC COM USD0.01,1.00,10/29/2020,11/04/20,$199.96 ,$189.42 ,$10.54 ,-
GS(38141G104),GOLDMAN SACHS GROUP INC COM USD0.01,0.06,10/29/2020,11/04/20,$10.98 ,$10.42 ,$0.56 ,-
HCAC(42589C104),HENNESSY CAP ACQUSTION CORP IV CLA COM,9.00,09/23/2020,11/04/20,$92.28 ,$103.86 ,($11.58),-
HCAC(42589C104),HENNESSY CAP ACQUSTION CORP IV CLA COM,4.00,10/05/20,11/04/20,$41.01 ,$43.52 ,($2.51),-
HCAC(42589C104),HENNESSY CAP ACQUSTION CORP IV CLA COM,4.00,10/05/20,11/04/20,$41.02 ,$42.86 ,($1.84),-
HLX(42330P107),HELIX ENERGY SOLUTIONS GROUP INC,41.00,09/29/2020,11/02/20,$108.65 ,$99.43 ,$9.22 ,-
HLX(42330P107),HELIX ENERGY SOLUTIONS GROUP INC,0.24,09/29/2020,11/02/20,$0.63 ,$0.57 ,$0.06 ,-
HLX(42330P107),HELIX ENERGY SOLUTIONS GROUP INC,44.76,10/01/20,11/02/20,$118.61 ,$103.85 ,$14.76 ,-
HLX(42330P107),HELIX ENERGY SOLUTIONS GROUP INC,0.24,10/01/20,11/02/20,$0.61 ,$0.55 ,$0.06 ,-
IAU(464285105),ISHARES GOLD TRUST ISHARES ISIN #US4642851053 SEDOL B0SF3S5,281.00,11/11/20,11/12/20,$5035.85 ,$4998.26 ,$37.59 ,-
IAU(464285105),ISHARES GOLD TRUST ISHARES ISIN #US4642851053 SEDOL B0SF3S5,0.10,11/11/20,11/12/20,$1.73 ,$1.73 ,$0.00 ,-
IAU(464285105),ISHARES GOLD TRUST ISHARES ISIN #US4642851053 SEDOL B0SF3S5,6.00,09/23/2020,10/26/2020,$109.20 ,$107.03 ,$2.17 ,-
ITW(452308109),ILLINOIS TOOL WORKS INC COM USD0.01,0.73,11/03/20,11/04/20,$151.79 ,$149.81 ,$1.98 ,-
JPM(46625H100),JPMORGAN CHASE & CO,2.00,10/29/2020,11/04/20,$202.95 ,$192.56 ,$10.39 ,-
JPM(46625H100),JPMORGAN CHASE & CO,0.08,10/29/2020,11/04/20,$7.80 ,$7.41 ,$0.39 ,-
KMX(143130102),CARMAX INC,1.00,09/25/2020,11/04/20,$93.39 ,$93.54 ,($0.15),-
,,,,Wash Sale,$0.00 ,($0.14),$0.14 ,-
KMX(143130102),CARMAX INC,0.07,09/25/2020,11/04/20,$6.44 ,$6.46 ,($0.02),-
KMX(143130102),CARMAX INC,1.00,10/01/20,11/04/20,$93.39 ,$91.70 ,$1.69 ,-
KMX(143130102),CARMAX INC,0.93,10/20/2020,11/04/20,$86.96 ,$85.61 ,$1.35 ,-
KMX(143130102),CARMAX INC,0.07,09/25/2020,11/04/20,$6.44 ,$6.35 ,$0.09 ,-
KMX(143130102),CARMAX INC,0.85,09/25/2020,11/04/20,$79.37 ,$75.12 ,$4.25 ,-
KNDI(483709101),KANDI TECHNOLOGIES GROUP INC,32.00,11/20/2020,11/23/2020,$466.58 ,$396.48 ,$70.10 ,-
KNDI(483709101),KANDI TECHNOLOGIES GROUP INC,0.28,11/20/2020,11/23/2020,$4.13 ,$3.51 ,$0.62 ,-
KNDI(483709101),KANDI TECHNOLOGIES GROUP INC,8.00,11/20/2020,11/23/2020,$116.64 ,$96.78 ,$19.86 ,-
KNDI(483709101),KANDI TECHNOLOGIES GROUP INC,0.27,11/20/2020,11/23/2020,$3.88 ,$3.22 ,$0.66 ,-
KNDI(483709101),KANDI TECHNOLOGIES GROUP INC,8.00,11/20/2020,11/23/2020,$116.64 ,$96.20 ,$20.44 ,-
KNDI(483709101),KANDI TECHNOLOGIES GROUP INC,0.32,11/20/2020,11/23/2020,$4.59 ,$3.79 ,$0.80 ,-
KNDI(483709101),KANDI TECHNOLOGIES GROUP INC,8.00,11/20/2020,11/23/2020,$116.64 ,$94.54 ,$22.10 ,-
KNDI(483709101),KANDI TECHNOLOGIES GROUP INC,0.46,11/20/2020,11/23/2020,$6.74 ,$5.46 ,$1.28 ,-
KNDI(483709101),KANDI TECHNOLOGIES GROUP INC,8.00,11/20/2020,11/23/2020,$116.64 ,$94.70 ,$21.94 ,-
KNDI(483709101),KANDI TECHNOLOGIES GROUP INC,0.45,11/20/2020,11/23/2020,$6.52 ,$5.29 ,$1.23 ,-
KNDI(483709101),KANDI TECHNOLOGIES GROUP INC,8.00,11/20/2020,11/23/2020,$116.64 ,$94.32 ,$22.32 ,-
KNDI(483709101),KANDI TECHNOLOGIES GROUP INC,0.48,11/20/2020,11/23/2020,$7.00 ,$5.67 ,$1.33 ,-
KNDI(483709101),KANDI TECHNOLOGIES GROUP INC,7.75,11/20/2020,11/23/2020,$112.96 ,$91.65 ,$21.31 ,-
KNDI(483709101),KANDI TECHNOLOGIES GROUP INC,0.25,11/20/2020,11/23/2020,$3.68 ,$2.99 ,$0.69 ,-
KNDI(483709101),KANDI TECHNOLOGIES GROUP INC,0.45,11/20/2020,11/23/2020,$6.60 ,$5.36 ,$1.24 ,-
KNDI(483709101),KANDI TECHNOLOGIES GROUP INC,17.00,09/23/2020,11/04/20,$135.82 ,$98.26 ,$37.56 ,-
KNDI(483709101),KANDI TECHNOLOGIES GROUP INC,4.00,09/24/2020,11/04/20,$31.96 ,$21.27 ,$10.69 ,-
LI(50202M102),LI AUTO INC SPN ADS ECH REP 2 ORD SHS CLA,6.00,11/17/2020,11/23/2020,$255.83 ,$214.53 ,$41.30 ,-
LI(50202M102),LI AUTO INC SPN ADS ECH REP 2 ORD SHS CLA,0.99,11/17/2020,11/23/2020,$42.28 ,$35.47 ,$6.81 ,-
LI(50202M102),LI AUTO INC SPN ADS ECH REP 2 ORD SHS CLA,6.00,09/23/2020,11/04/20,$158.27 ,$99.03 ,$59.24 ,-
LI(50202M102),LI AUTO INC SPN ADS ECH REP 2 ORD SHS CLA,1.00,09/24/2020,11/04/20,$26.38 ,$15.67 ,$10.71 ,-
LPG(Y2106R110),DORIAN LPG LIMITED COM USD0.01,0.01,09/29/2020,11/04/20,$0.06 ,$0.05 ,$0.01 ,-
LPG(Y2106R110),DORIAN LPG LIMITED COM USD0.01,13.00,09/29/2020,10/01/20,$104.26 ,$99.94 ,$4.32 ,-
LUV(844741108),SOUTHWEST AIRLINES CO,1.00,06/12/20,10/27/2020,$40.00 ,$36.40 ,$3.60 ,-
MRNA(60770K107),MODERNA INC COM,2.00,10/29/2020,11/04/20,$139.61 ,$136.28 ,$3.33 ,-
MRNA(60770K107),MODERNA INC COM,0.94,10/29/2020,11/04/20,$65.26 ,$63.71 ,$1.55 ,-
MSFT(594918104),MICROSOFT CORP,0.48,09/29/2020,11/04/20,$103.97 ,$99.99 ,$3.98 ,-
MSFT(594918104),MICROSOFT CORP,0.52,10/28/2020,11/04/20,$113.55 ,$106.87 ,$6.68 ,-
MSFT(594918104),MICROSOFT CORP,0.21,10/28/2020,11/04/20,$45.67 ,$43.00 ,$2.67 ,-
NIO(62914V106),NIO INC SPON ADS EACH REP 1 ORD SHS CLASS A,10.00,11/17/2020,11/23/2020,$549.69 ,$479.90 ,$69.79 ,-
NIO(62914V106),NIO INC SPON ADS EACH REP 1 ORD SHS CLASS A,0.42,11/17/2020,11/23/2020,$22.98 ,$20.06 ,$2.92 ,-
NIO(62914V106),NIO INC SPON ADS EACH REP 1 ORD SHS CLASS A,5.00,11/17/2020,11/23/2020,$274.84 ,$234.95 ,$39.89 ,-
NIO(62914V106),NIO INC SPON ADS EACH REP 1 ORD SHS CLASS A,5.00,11/18/2020,11/23/2020,$274.84 ,$217.80 ,$57.04 ,-
NIO(62914V106),NIO INC SPON ADS EACH REP 1 ORD SHS CLASS A,0.58,11/18/2020,11/23/2020,$31.99 ,$25.35 ,$6.64 ,-
NIO(62914V106),NIO INC SPON ADS EACH REP 1 ORD SHS CLASS A,0.16,11/18/2020,11/23/2020,$8.62 ,$6.84 ,$1.78 ,-
NIO(62914V106),NIO INC SPON ADS EACH REP 1 ORD SHS CLASS A,6.00,09/23/2020,11/04/20,$231.26 ,$112.72 ,$118.54 ,-
NIO(62914V106),NIO INC SPON ADS EACH REP 1 ORD SHS CLASS A,5.00,10/14/2020,11/04/20,$192.72 ,$132.05 ,$60.67 ,-
NIO(62914V106),NIO INC SPON ADS EACH REP 1 ORD SHS CLASS A,5.00,10/22/2020,11/04/20,$192.71 ,$137.90 ,$54.81 ,-
NKLA(654110105),NIKOLA CORP COM,10.00,10/28/2020,11/04/20,$187.39 ,$197.90 ,($10.51),-
,,,,Wash Sale,$0.00 ,($0.64),$0.64 ,-
NKLA(654110105),NIKOLA CORP COM,0.11,10/28/2020,11/04/20,$1.99 ,$2.10 ,($0.11),-
NKLA(654110105),NIKOLA CORP COM,4.89,10/30/2020,11/04/20,$91.71 ,$88.92 ,$2.79 ,-
NKLA(654110105),NIKOLA CORP COM,0.11,10/28/2020,11/04/20,$1.98 ,$2.04 ,($0.06),-
NKLA(654110105),NIKOLA CORP COM,0.50,10/28/2020,11/04/20,$9.42 ,$9.68 ,($0.26),-
NMR(65535H208),NOMURA HOLDINGS ADR REPTG ONE ORD,0.57,09/30/2020,11/04/20,$2.70 ,$2.63 ,$0.07 ,-
NMR(65535H208),NOMURA HOLDINGS ADR REPTG ONE ORD,43.00,09/30/2020,10/27/2020,$200.59 ,$197.37 ,$3.22 ,-
NVAX(670002401),NOVAVAX INC COM NEW,1.00,09/28/2020,11/04/20,$85.69 ,$110.44 ,($24.75),-
,,,,Wash Sale,$0.00 ,($16.31),$16.31 ,-
NVAX(670002401),NOVAVAX INC COM NEW,1.00,10/21/2020,11/04/20,$85.69 ,$93.87 ,($8.18),-
NVAX(670002401),NOVAVAX INC COM NEW,0.84,10/27/2020,11/04/20,$71.72 ,$74.92 ,($3.20),-
NVAX(670002401),NOVAVAX INC COM NEW,1.00,10/29/2020,11/04/20,$85.69 ,$82.33 ,$3.36 ,-
NVAX(670002401),NOVAVAX INC COM NEW,0.16,10/29/2020,11/04/20,$13.95 ,$13.41 ,$0.54 ,-
NVAX(670002401),NOVAVAX INC COM NEW,0.66,09/28/2020,11/04/20,$56.43 ,$70.55 ,($14.12),-
NVDA(67066G104),NVIDIA CORPORATION COM,0.57,09/29/2020,11/04/20,$314.09 ,$300.00 ,$14.09 ,-
NVDA(67066G104),NVIDIA CORPORATION COM,0.37,10/22/2020,11/04/20,$205.36 ,$199.69 ,$5.67 ,-
NVDA(67066G104),NVIDIA CORPORATION COM,0.05,10/30/2020,11/04/20,$29.65 ,$26.84 ,$2.81 ,-
NVDA(67066G104),NVIDIA CORPORATION COM,0.15,10/30/2020,11/04/20,$80.66 ,$73.05 ,$7.61 ,-
PAYC(70432V102),PAYCOM SOFTWARE INC COM USD0.01,0.18,08/04/20,11/04/20,$69.08 ,$49.81 ,$19.27 ,-
PDD(722304102),PINDUODUO INC SPON ADS EACH REP 4 ORD SHS,1.00,11/17/2020,11/23/2020,$142.79 ,$133.59 ,$9.20 ,-
PDD(722304102),PINDUODUO INC SPON ADS EACH REP 4 ORD SHS,0.87,11/17/2020,11/23/2020,$124.35 ,$116.39 ,$7.96 ,-
PDD(722304102),PINDUODUO INC SPON ADS EACH REP 4 ORD SHS,1.00,09/23/2020,10/29/2020,$96.17 ,$78.23 ,$17.94 ,-
PDD(722304102),PINDUODUO INC SPON ADS EACH REP 4 ORD SHS,0.96,09/29/2020,10/29/2020,$92.31 ,$69.97 ,$22.34 ,-
PFE(717081103),PFIZER INC,2.00,07/21/2020,10/27/2020,$76.18 ,$73.54 ,$2.64 ,-
PFE(717081103),PFIZER INC,0.72,07/21/2020,10/27/2020,$27.37 ,$26.44 ,$0.93 ,-
PLTR(69608A108),PALANTIR TECHNOLOGIES INC CL A,0.72,11/12/20,11/17/2020,$12.36 ,$10.87 ,$1.49 ,-
PLTR(69608A108),PALANTIR TECHNOLOGIES INC CL A,32.00,11/12/20,11/12/20,$477.75 ,$488.93 ,($11.18),-
,,,,Wash Sale,$0.00 ,($0.25),$0.25 ,-
PLTR(69608A108),PALANTIR TECHNOLOGIES INC CL A,0.72,11/12/20,11/12/20,$10.81 ,$11.06 ,($0.25),-
PLTR(69608A108),PALANTIR TECHNOLOGIES INC CL A,32.00,11/12/20,11/12/20,$477.75 ,$478.40 ,($0.65),-
PLTR(69608A108),PALANTIR TECHNOLOGIES INC CL A,31.28,11/12/20,11/12/20,$466.93 ,$458.82 ,$8.11 ,-
PLTR(69608A108),PALANTIR TECHNOLOGIES INC CL A,0.55,09/30/2020,10/01/20,$5.08 ,$5.20 ,($0.12),-
,,,,Wash Sale,$0.00 ,($0.12),$0.12 ,-
PLTR(69608A108),PALANTIR TECHNOLOGIES INC CL A,0.55,09/30/2020,10/01/20,$5.09 ,$5.32 ,($0.23),-
PLTR(69608A108),PALANTIR TECHNOLOGIES INC CL A,9.45,09/30/2020,10/01/20,$87.75 ,$89.60 ,($1.85),-
PLUG(72919P202),PLUG POWER INC,22.00,11/17/2020,11/23/2020,$590.08 ,$499.62 ,$90.46 ,-
PLUG(72919P202),PLUG POWER INC,0.02,11/17/2020,11/23/2020,$0.43 ,$0.36 ,$0.07 ,-
PLUG(72919P202),PLUG POWER INC,9.00,09/24/2020,11/04/20,$146.34 ,$100.20 ,$46.14 ,-
PLUG(72919P202),PLUG POWER INC,7.00,10/26/2020,11/04/20,$113.82 ,$99.82 ,$14.00 ,-
PLUG(72919P202),PLUG POWER INC,6.00,10/29/2020,11/04/20,$97.55 ,$86.95 ,$10.60 ,-
PLUG(72919P202),PLUG POWER INC,0.90,10/29/2020,11/04/20,$14.62 ,$13.05 ,$1.57 ,-
POWI(739276103),POWER INTEGRATIONS INC WHEN ISSUED,5.00,10/28/2020,11/04/20,$309.55 ,$278.80 ,$30.75 ,-
POWI(739276103),POWER INTEGRATIONS INC WHEN ISSUED,0.38,10/28/2020,11/04/20,$23.45 ,$21.16 ,$2.29 ,-
PTON(70614W100),PELOTON INTERACTIVE INC CL A COM,2.00,09/30/2020,11/04/20,$232.69 ,$199.36 ,$33.33 ,-
PTON(70614W100),PELOTON INTERACTIVE INC CL A COM,0.85,10/26/2020,11/04/20,$98.63 ,$99.97 ,($1.34),-
,,,,Wash Sale,$0.00 ,($1.34),$1.34 ,-
RNG(76680R206),RINGCENTRAL INC-CLASS A,0.55,10/28/2020,11/04/20,$152.34 ,$149.89 ,$2.45 ,-
RUN(86771W105),SUNRUN INC COM,1.10,09/29/2020,11/04/20,$59.46 ,$80.55 ,($21.09),-
,,,,Wash Sale,$0.00 ,($5.69),$5.69 ,-
RUN(86771W105),SUNRUN INC COM,0.27,09/29/2020,11/04/20,$14.38 ,$19.44 ,($5.06),-
RUN(86771W105),SUNRUN INC COM,2.00,10/16/2020,11/04/20,$108.12 ,$125.86 ,($17.74),-
RUN(86771W105),SUNRUN INC COM,2.00,10/20/2020,11/04/20,$108.12 ,$126.34 ,($18.22),-
RUN(86771W105),SUNRUN INC COM,2.00,10/22/2020,11/04/20,$108.12 ,$109.91 ,($1.79),-
RUN(86771W105),SUNRUN INC COM,1.00,10/30/2020,11/04/20,$54.06 ,$51.15 ,$2.91 ,-
RUN(86771W105),SUNRUN INC COM,0.95,10/30/2020,11/04/20,$51.57 ,$48.80 ,$2.77 ,-
RUN(86771W105),SUNRUN INC COM,0.68,10/30/2020,11/04/20,$36.75 ,$34.79 ,$1.96 ,-
RUN(86771W105),SUNRUN INC COM,0.30,09/29/2020,11/04/20,$16.04 ,$20.88 ,($4.84),-
SAP(803054204),SAP ADR REP 1 ORD,2.00,10/26/2020,11/04/20,$227.01 ,$235.29 ,($8.28),-
,,,,Wash Sale,$0.00 ,($2.84),$2.84 ,-
SAP(803054204),SAP ADR REP 1 ORD,0.03,10/26/2020,11/04/20,$3.52 ,$3.65 ,($0.13),-
SAP(803054204),SAP ADR REP 1 ORD,0.65,10/27/2020,11/04/20,$74.23 ,$74.97 ,($0.74),-
SAP(803054204),SAP ADR REP 1 ORD,0.32,11/02/20,11/04/20,$35.76 ,$33.20 ,$2.56 ,-
SAP(803054204),SAP ADR REP 1 ORD,0.69,10/26/2020,11/04/20,$77.70 ,$75.03 ,$2.67 ,-
SEDG(83417M104),SOLAREDGE TECHNOLOGIES INC,0.99,11/05/20,11/23/2020,$261.46 ,$298.85 ,($37.39),-
SEDG(83417M104),SOLAREDGE TECHNOLOGIES INC,1.02,11/12/20,11/23/2020,$269.41 ,$247.80 ,$21.61 ,-
,,,,Wash Sale,$0.00 ,($6.69),$6.69 ,-
SEDG(83417M104),SOLAREDGE TECHNOLOGIES INC,0.15,11/13/2020,11/23/2020,$40.08 ,$35.09 ,$4.99 ,-
SEDG(83417M104),SOLAREDGE TECHNOLOGIES INC,1.85,11/13/2020,11/23/2020,$490.82 ,$418.28 ,$72.54 ,-
SEDG(83417M104),SOLAREDGE TECHNOLOGIES INC,0.15,10/30/2020,11/23/2020,$40.02 ,$40.85 ,($0.83),-
SEDG(83417M104),SOLAREDGE TECHNOLOGIES INC,0.45,09/29/2020,11/04/20,$92.89 ,$99.83 ,($6.94),-
,,,,Wash Sale,$0.00 ,($6.94),$6.94 ,-
SEDG(83417M104),SOLAREDGE TECHNOLOGIES INC,0.70,10/21/2020,11/04/20,$145.56 ,$199.87 ,($54.31),-
,,,,Wash Sale,$0.00 ,($54.31),$54.31 ,-
SEDG(83417M104),SOLAREDGE TECHNOLOGIES INC,0.28,10/27/2020,11/04/20,$58.68 ,$74.82 ,($16.14),-
,,,,Wash Sale,$0.00 ,($16.14),$16.14 ,-
SEDG(83417M104),SOLAREDGE TECHNOLOGIES INC,0.47,11/03/20,11/04/20,$97.24 ,$99.90 ,($2.66),-
,,,,Wash Sale,$0.00 ,($2.66),$2.66 ,-
SEDG(83417M104),SOLAREDGE TECHNOLOGIES INC,0.10,11/03/20,11/04/20,$20.32 ,$20.81 ,($0.49),-
,,,,Wash Sale,$0.00 ,($0.49),$0.49 ,-
SEDG(83417M104),SOLAREDGE TECHNOLOGIES INC,0.37,09/29/2020,11/04/20,$77.06 ,$84.76 ,($7.70),-
,,,,Wash Sale,$0.00 ,($7.70),$7.70 ,-
SEDG(83417M104),SOLAREDGE TECHNOLOGIES INC,0.49,10/21/2020,11/04/20,$100.46 ,$132.73 ,($32.27),-
,,,,Wash Sale,$0.00 ,($32.27),$32.27 ,-
SFIX(860897107),STITCH FIX INC COM CL A,11.00,11/17/2020,11/23/2020,$410.90 ,$389.96 ,$20.94 ,-
SFIX(860897107),STITCH FIX INC COM CL A,0.28,11/17/2020,11/23/2020,$10.55 ,$10.03 ,$0.52 ,-
SINA(G81477104),SINA CORPORATION (CAY) COM USD0.133,0.50,07/07/20,11/04/20,$21.40 ,$20.09 ,$1.31 ,-
SLV(46428Q109),ISHARES SILVER TR ISHARES,11.00,10/29/2020,11/04/20,$244.58 ,$237.49 ,$7.09 ,-
SLV(46428Q109),ISHARES SILVER TR ISHARES,0.58,10/29/2020,11/04/20,$12.86 ,$12.50 ,$0.36 ,-
SPCE(92766K106),VIRGIN GALACTIC HOLDINGS INC COM,2.00,08/04/20,11/04/20,$36.76 ,$42.01 ,($5.25),-
,,,,Wash Sale,$0.00 ,($1.00),$1.00 ,-
SPCE(92766K106),VIRGIN GALACTIC HOLDINGS INC COM,0.38,08/04/20,11/04/20,$6.98 ,$7.98 ,($1.00),-
SPCE(92766K106),VIRGIN GALACTIC HOLDINGS INC COM,7.00,09/23/2020,11/04/20,$128.66 ,$109.88 ,$18.78 ,-
SPCE(92766K106),VIRGIN GALACTIC HOLDINGS INC COM,4.62,10/28/2020,11/04/20,$84.91 ,$80.94 ,$3.97 ,-
SPCE(92766K106),VIRGIN GALACTIC HOLDINGS INC COM,0.38,08/04/20,11/04/20,$6.97 ,$7.66 ,($0.69),-
SPWR(867652406),SUNPOWER CORP,12.00,10/27/2020,11/04/20,$195.89 ,$186.60 ,$9.29 ,-
SPWR(867652406),SUNPOWER CORP,0.86,10/27/2020,11/04/20,$14.04 ,$13.40 ,$0.64 ,-
SQ(852234103),SQUARE INC CL A,1.00,10/21/2020,11/04/20,$169.62 ,$177.58 ,($7.96),-
,,,,Wash Sale,$0.00 ,($0.23),$0.23 ,-
SQ(852234103),SQUARE INC CL A,0.59,10/26/2020,11/04/20,$100.41 ,$99.88 ,$0.53 ,-
SQ(852234103),SQUARE INC CL A,0.41,10/27/2020,11/04/20,$69.20 ,$69.91 ,($0.71),-
SQ(852234103),SQUARE INC CL A,0.03,10/21/2020,11/04/20,$4.91 ,$5.20 ,($0.29),-
SU(867224107),SUNCOR ENERGY COM NPV NEW ISIN #CA8672241079 SEDOL #B3NB1P2,8.00,10/01/20,11/02/20,$94.51 ,$93.28 ,$1.23 ,-
SU(867224107),SUNCOR ENERGY COM NPV NEW ISIN #CA8672241079 SEDOL #B3NB1P2,0.58,10/01/20,11/02/20,$6.79 ,$6.72 ,$0.07 ,-
TDOC(87918A105),TELADOC HEALTH INC COM,0.24,08/05/20,11/04/20,$47.76 ,$49.81 ,($2.05),-
,,,,Wash Sale,$0.00 ,($2.05),$2.05 ,-
TDOC(87918A105),TELADOC HEALTH INC COM,0.50,10/30/2020,11/04/20,$101.83 ,$99.82 ,$2.01 ,-
TDOC(87918A105),TELADOC HEALTH INC COM,0.26,11/02/20,11/04/20,$53.66 ,$50.32 ,$3.34 ,-
TDOC(87918A105),TELADOC HEALTH INC COM,0.50,11/02/20,11/04/20,$101.72 ,$95.50 ,$6.22 ,-
TDOC(87918A105),TELADOC HEALTH INC COM,0.24,08/05/20,11/04/20,$47.71 ,$46.84 ,$0.87 ,-
TOT(89151E109),TOTAL SE SPON ADS EAREP 1 ORD SHS,5.00,10/01/20,11/04/20,$163.79 ,$168.14 ,($4.35),-
,,,,Wash Sale,$0.00 ,($0.34),$0.34 ,-
TOT(89151E109),TOTAL SE SPON ADS EAREP 1 ORD SHS,0.96,10/01/20,11/04/20,$31.58 ,$32.42 ,($0.84),-
TOT(89151E109),TOTAL SE SPON ADS EAREP 1 ORD SHS,2.00,10/27/2020,11/04/20,$65.52 ,$61.95 ,$3.57 ,-
TOT(89151E109),TOTAL SE SPON ADS EAREP 1 ORD SHS,0.04,10/27/2020,11/04/20,$1.18 ,$1.12 ,$0.06 ,-
TOT(89151E109),TOTAL SE SPON ADS EAREP 1 ORD SHS,0.39,10/01/20,11/04/20,$12.83 ,$12.48 ,$0.35 ,-
TQQQ(74347X831),PROSHARES ULTRAPRO QQQ,2.00,09/28/2020,11/04/20,$283.71 ,$254.98 ,$28.73 ,-
TQQQ(74347X831),PROSHARES ULTRAPRO QQQ,1.00,10/26/2020,11/04/20,$141.86 ,$130.70 ,$11.16 ,-
TQQQ(74347X831),PROSHARES ULTRAPRO QQQ,2.00,10/28/2020,11/04/20,$283.71 ,$245.92 ,$37.79 ,-
TQQQ(74347X831),PROSHARES ULTRAPRO QQQ,2.00,10/30/2020,11/04/20,$283.72 ,$230.16 ,$53.56 ,-
TSLA(88160R101),TESLA INC COM,0.61,10/28/2020,11/04/20,$257.84 ,$249.81 ,$8.03 ,-
TSN(902494103),TYSON FOODS INC,2.00,09/28/2020,10/26/2020,$118.53 ,$121.46 ,($2.93),-
TWLO(90138F102),TWILIO INC CL A,0.17,08/04/20,11/04/20,$53.11 ,$49.72 ,$3.39 ,-
TWLO(90138F102),TWILIO INC CL A,0.37,11/02/20,11/04/20,$112.34 ,$99.81 ,$12.53 ,-
UAL(910047109),UNITED AIRLS HLDGS INC COM,1.00,05/22/2020,10/05/20,$35.70 ,$26.37 ,$9.33 ,-
UAL(910047109),UNITED AIRLS HLDGS INC COM,5.00,05/26/2020,10/05/20,$178.49 ,$143.75 ,$34.74 ,-
UCO(74347Y888),PROSHARES TR II ULTABLMBG 2017,0.61,11/12/20,11/17/2020,$17.01 ,$18.20 ,($1.19),-
UCO(74347Y888),PROSHARES TR II ULTABLMBG 2017,0.05,11/12/20,11/17/2020,$1.26 ,$1.31 ,($0.05),-
UCO(74347Y888),PROSHARES TR II ULTABLMBG 2017,0.61,11/12/20,11/12/20,$17.12 ,$17.64 ,($0.52),-
,,,,Wash Sale,$0.00 ,($0.52),$0.52 ,-
UCO(74347Y888),PROSHARES TR II ULTABLMBG 2017,67.40,11/12/20,11/12/20,$1907.30 ,$1964.70 ,($57.40),-
,,,,Wash Sale,$0.00 ,($57.40),$57.40 ,-
UCO(74347Y888),PROSHARES TR II ULTABLMBG 2017,0.61,11/12/20,11/12/20,$17.07 ,$18.16 ,($1.09),-
,,,,Wash Sale,$0.00 ,($1.09),$1.09 ,-
UCO(74347Y888),PROSHARES TR II ULTABLMBG 2017,67.40,11/12/20,11/12/20,$1901.50 ,$1962.99 ,($61.49),-
,,,,Wash Sale,$0.00 ,($0.04),$0.04 ,-
UNFI(911163103),UNITED NATURAL FOODSCOM USD0.01,5.00,09/29/2020,11/04/20,$76.55 ,$83.73 ,($7.18),-
UNFI(911163103),UNITED NATURAL FOODSCOM USD0.01,0.97,09/29/2020,11/04/20,$14.85 ,$16.26 ,($1.41),-
UVXY(74347W148),PROSHARES TR II ULTRA VIX SHORT,0.75,11/13/2020,11/20/2020,$9.19 ,$10.19 ,($1.00),-
,,,,Wash Sale,$0.00 ,($1.00),$1.00 ,-
UVXY(74347W148),PROSHARES TR II ULTRA VIX SHORT,35.25,11/13/2020,11/20/2020,$432.87 ,$479.61 ,($46.74),-
UVXY(74347W148),PROSHARES TR II ULTRA VIX SHORT,0.75,11/13/2020,11/20/2020,$9.20 ,$11.19 ,($1.99),-
UVXY(74347W148),PROSHARES TR II ULTRA VIX SHORT,0.01,10/12/20,11/04/20,$0.08 ,$0.08 ,$0.00 ,-
UVXY(74347W148),PROSHARES TR II ULTRA VIX SHORT,12.00,10/12/20,10/28/2020,$250.79 ,$199.92 ,$50.87 ,-
VNE(92336X109),VEONEER INC COM USD1,9.00,11/03/20,11/04/20,$149.21 ,$149.31 ,($0.10),-
VNE(92336X109),VEONEER INC COM USD1,0.04,11/03/20,11/04/20,$0.67 ,$0.68 ,($0.01),-
VRM(92918V109),VROOM INC COM,0.03,11/12/20,11/17/2020,$0.90 ,$1.01 ,($0.11),-
VRM(92918V109),VROOM INC COM,26.00,11/12/20,11/12/20,$969.77 ,$955.76 ,$14.01 ,-
VRM(92918V109),VROOM INC COM,1.00,11/12/20,11/12/20,$37.30 ,$36.80 ,$0.50 ,-
VRM(92918V109),VROOM INC COM,0.20,11/12/20,11/12/20,$7.52 ,$7.43 ,$0.09 ,-
VRM(92918V109),VROOM INC COM,27.00,11/12/20,11/12/20,$965.49 ,$999.00 ,($33.51),-
,,,,Wash Sale,$0.00 ,($26.36),$26.36 ,-
VRM(92918V109),VROOM INC COM,0.03,11/12/20,11/12/20,$0.97 ,$1.00 ,($0.03),-
VRM(92918V109),VROOM INC COM,13.00,11/12/20,11/12/20,$464.87 ,$478.38 ,($13.51),-
VRM(92918V109),VROOM INC COM,11.97,11/12/20,11/12/20,$428.14 ,$434.26 ,($6.12),-
W(94419L101),WAYFAIR INC,1.00,11/16/2020,11/23/2020,$256.60 ,$240.20 ,$16.40 ,-
W(94419L101),WAYFAIR INC,0.26,11/16/2020,11/23/2020,$66.67 ,$61.85 ,$4.82 ,-
W(94419L101),WAYFAIR INC,0.31,10/21/2020,11/04/20,$83.44 ,$86.00 ,($2.56),-
,,,,Wash Sale,$0.00 ,($2.56),$2.56 ,-
W(94419L101),WAYFAIR INC,0.43,10/21/2020,11/04/20,$116.11 ,$119.78 ,($3.67),-
,,,,Wash Sale,$0.00 ,($3.67),$3.67 ,-
W(94419L101),WAYFAIR INC,0.26,10/22/2020,11/04/20,$70.47 ,$68.98 ,$1.49 ,-
W(94419L101),WAYFAIR INC,0.12,10/21/2020,11/04/20,$31.57 ,$31.89 ,($0.32),-
,,,,Wash Sale,$0.00 ,($0.32),$0.32 ,-
W(94419L101),WAYFAIR INC,0.13,10/29/2020,11/04/20,$36.16 ,$35.44 ,$0.72 ,-
W(94419L101),WAYFAIR INC,0.62,10/21/2020,11/04/20,$167.84 ,$169.77 ,($1.93),-
,,,,Wash Sale,$0.00 ,($1.93),$1.93 ,-
WKHS(98138J206),WORKHORSE GROUP INC COM NEW,16.00,11/17/2020,11/23/2020,$452.47 ,$342.68 ,$109.79 ,-
WKHS(98138J206),WORKHORSE GROUP INC COM NEW,0.34,11/17/2020,11/23/2020,$9.63 ,$7.30 ,$2.33 ,-
XPEV(98422D105),XPENG INC SPON ADS EACH REP 2 CL A ORD SHS,10.00,11/19/2020,11/23/2020,$677.48 ,$479.35 ,$198.13 ,-
XPEV(98422D105),XPENG INC SPON ADS EACH REP 2 CL A ORD SHS,5.00,09/23/2020,11/04/20,$132.31 ,$94.65 ,$37.66 ,-
XPEV(98422D105),XPENG INC SPON ADS EACH REP 2 CL A ORD SHS,1.00,09/24/2020,11/04/20,$26.46 ,$17.89 ,$8.57 ,-
XPEV(98422D105),XPENG INC SPON ADS EACH REP 2 CL A ORD SHS,1.00,09/24/2020,11/04/20,$26.47 ,$17.86 ,$8.61 ,-
,,,,,,,,
,,,,,,,"$2,569.06 ",
,,,,,,,,
,,,,,,,,
,Total Amount Invested ,"$9,700.00 ",,,,,,
,Current Portfolio Value,"$12,269.06 ",,,,,,
,Profit/Loss,26.49%,,,,,,
,From September 21st 2020 to 23rd November 2020,,,,,,,